id,lat,lon
01055,71.1,24.0
ENHF,70.6666666667,23.6666666667
01068,71.0166666667,25.9833333333
01033,70.25,19.5
01092,70.7,30.0666666667
01098,70.3666666667,31.1
22003,69.9333333333,31.9833333333
01010,69.3,16.15
01028,74.5166666667,19.0166666667
22113,68.95,33.1
01156,68.6,14.4333333333
22028,69.2,35.1166666667
