id,lat,lon
01098,70.3666666667,31.1
01092,70.7,30.0666666667
22003,69.9333333333,31.9833333333
22113,68.95,33.1
01068,71.0166666667,25.9833333333
22028,69.2,35.1166666667
01055,71.1,24.0
ENHF,70.6666666667,23.6666666667
22217,67.15,32.4166666667
22312,66.7,32.8833333333
22140,68.1498,39.75
22324,66.6833333333,34.35
01033,70.25,19.5
